2020-09-30 17:30:11,b'can someone please tell me why they adore trump??? #Trump #COVID19 #BidenHarris2020 #shutupman',Twitter for iPhone,1311357688241106944,b'Kamera',b'pls vote \xf0\x9f\x98\x81\xf0\x9f\x98\x81\xf0\x9f\x91\x8d\n\nBLM\nACAB\n\xf0\x9f\x92\x99\xf0\x9f\x92\x97\xf0\x9f\x92\x9c',"b'Riverview, FL'"
2020-09-30 17:30:09,"b'RT @DrGJackBrown: As a physician who has treated thousands of diabetics, it\'s profoundly offensive for Donald #Trump to say that he\'ll ""be\xe2\x80\xa6'",Twitter for Android,1311357678631792641,b'Amos52',b'I follow back. \xf0\x9f\x99\x82\nBut unfollow sales people.\nI mute insulters.\nI block ones who hate half of Americans.',b''
2020-09-30 17:30:08,"b'Last night\'s debate moment was just like in 2012 when Obama said, ""New Black Panther Party, stand back and standby.\xe2\x80\xa6 https://t.co/xP2fEvP11G'",Twitter for Android,1311357676211908609,b'PAZ',b'Here we are.',b''
2020-09-30 17:30:08,b'RT @GrrrGraphics: #Trump vs #ChrisWallace someone wake up #Biden #PresidentialDebate2020 #Debates2020 New #BenGarrison Cartoon! Wallace Bid\xe2\x80\xa6',Twitter for iPhone,1311357676123836416,b'Emkayoh',b'#MAGA #Trump2020 #TrumpConservatve #1A #2A #ProLife #BlueLivesMatter #EndBrthrghtCitizenship #EVerify #MandatoryVoterID #BuyUSAHireUSA #EndHumanTrafficking',"b'On Parler, emkayoh'"
2020-09-30 17:30:08,b'@tomselliott @Comey WTF does he know!!! He knew and #Trump was right to fire his A!',Twitter Web App,1311357674194427904,b'PowerHouse16',b'#Entrepreneur\nFreedom is priceless\nDogs rule',b''
2020-09-30 17:30:06,"b'#Trump Debate Rude, Crude and Furious https://t.co/oaPia6DcFM'",Twitter for iPad,1311357666971856896,b'Mike Allen Cartoons',"b""I draw cartoons, make fun of things that need mocking. Professionally, I've done illustrations, ads, caricatures, CD covers. \n\nContact:\nbusteddusted@hotmail.com""","b'Burlington, Ontario'"
2020-09-30 17:30:05,"b""RT @alexmjordan: #Trump HAS denounced white hate groups repeatedly, Chris Wallace \n\nBut when will Biden, Dems &amp; MSM condemn BLM/ANTIFA's do\xe2\x80\xa6""",Twitter Web App,1311357663234592768,b'NOQ Report',"b'Conservative and Christian news, opinions, and quotes (NOQ). Just the truth. No more. Definitely no less. #KAG #ProLife #AmericaFirst #ProIsrael #2A'","b'Laguna Niguel, CA'"
2020-09-30 17:30:05,b'RT @MarkSimoneNY: If you missed my show today detailing why it was a big win for Donald Trump and a disaster for Chris Wallace and Joe Bide\xe2\x80\xa6',Twitter Web App,1311357662676709377,b'roob',b'Full Disclosure: Not Here For Followers!',b''
2020-09-30 17:30:04,b'RT @BradandBritt: Brad and Britt Cast 09/30/20 #Biden #Trump #BidenHarris #BidenHarris2020 https://t.co/RvbyNpO4zO',Twitter Web App,1311357659740864512,b'Eric J Kasnia',b'I am a Expos Browns and Bucks fan also #KillHonkeys',"b'Waukesha, WI'"
2020-09-30 17:30:03,b'Via @RawStory: WATCH: Biden calls Trump a \xe2\x80\x98national embarrassment\xe2\x80\x99 after trainwreck first debate\xe2\x80\xa6 https://t.co/NBIwR3wAlM',dlvr.it,1311357656532049920,b'joshua epstein\xf0\x9f\x8f\xb3\xef\xb8\x8f\xe2\x80\x8d\xf0\x9f\x8c\x88\xf0\x9f\x96\x96\xf0\x9f\x8f\xbc\xf0\x9f\x97\xbd\xf0\x9f\x91\xa8\xf0\x9f\x8f\xbc\xe2\x80\x8d\xf0\x9f\x92\xbb\xf0\x9f\x87\xba\xf0\x9f\x87\xb8',"b""Gay Progressive Patriot. #NYC's the greatest city in the world. Trump's a lying, narcissistic sociopath & a racist, septic cunt.\xf0\x9f\xa4\xac RT\xe2\x80\x99s \xe2\x89\xa0 endorsements.\xf0\x9f\x8f\xb3\xef\xb8\x8f\xe2\x80\x8d\xf0\x9f\x8c\x88""",b'new york city'
2020-09-30 17:30:03,b'Via @RawStory: Trump campaign scrubs Brad Parscale from their website after police arrest https://t.co/9Idtlk5KEU |\xe2\x80\xa6 https://t.co/1CrpwQWAZT',dlvr.it,1311357655089254400,b'joshua epstein\xf0\x9f\x8f\xb3\xef\xb8\x8f\xe2\x80\x8d\xf0\x9f\x8c\x88\xf0\x9f\x96\x96\xf0\x9f\x8f\xbc\xf0\x9f\x97\xbd\xf0\x9f\x91\xa8\xf0\x9f\x8f\xbc\xe2\x80\x8d\xf0\x9f\x92\xbb\xf0\x9f\x87\xba\xf0\x9f\x87\xb8',"b""Gay Progressive Patriot. #NYC's the greatest city in the world. Trump's a lying, narcissistic sociopath & a racist, septic cunt.\xf0\x9f\xa4\xac RT\xe2\x80\x99s \xe2\x89\xa0 endorsements.\xf0\x9f\x8f\xb3\xef\xb8\x8f\xe2\x80\x8d\xf0\x9f\x8c\x88""",b'new york city'
2020-09-30 17:30:03,b'Via @NateSilver538: The Debate Was One Of The Few Opportunities For Trump To Shake Up The Race. He Probably Didn\xe2\x80\x99t.\xe2\x80\xa6 https://t.co/EhBscciQbU',dlvr.it,1311357653549891584,b'joshua epstein\xf0\x9f\x8f\xb3\xef\xb8\x8f\xe2\x80\x8d\xf0\x9f\x8c\x88\xf0\x9f\x96\x96\xf0\x9f\x8f\xbc\xf0\x9f\x97\xbd\xf0\x9f\x91\xa8\xf0\x9f\x8f\xbc\xe2\x80\x8d\xf0\x9f\x92\xbb\xf0\x9f\x87\xba\xf0\x9f\x87\xb8',"b""Gay Progressive Patriot. #NYC's the greatest city in the world. Trump's a lying, narcissistic sociopath & a racist, septic cunt.\xf0\x9f\xa4\xac RT\xe2\x80\x99s \xe2\x89\xa0 endorsements.\xf0\x9f\x8f\xb3\xef\xb8\x8f\xe2\x80\x8d\xf0\x9f\x8c\x88""",b'new york city'
2020-09-30 17:30:02,b'Via @NateSilver538: Politics Podcast: Trump Interrupts To Point Of Chaos In First Debate https://t.co/Ccl3KU5z1H | #polls #polling #trump',dlvr.it,1311357652006395906,b'joshua epstein\xf0\x9f\x8f\xb3\xef\xb8\x8f\xe2\x80\x8d\xf0\x9f\x8c\x88\xf0\x9f\x96\x96\xf0\x9f\x8f\xbc\xf0\x9f\x97\xbd\xf0\x9f\x91\xa8\xf0\x9f\x8f\xbc\xe2\x80\x8d\xf0\x9f\x92\xbb\xf0\x9f\x87\xba\xf0\x9f\x87\xb8',"b""Gay Progressive Patriot. #NYC's the greatest city in the world. Trump's a lying, narcissistic sociopath & a racist, septic cunt.\xf0\x9f\xa4\xac RT\xe2\x80\x99s \xe2\x89\xa0 endorsements.\xf0\x9f\x8f\xb3\xef\xb8\x8f\xe2\x80\x8d\xf0\x9f\x8c\x88""",b'new york city'
2020-09-30 17:30:02,b'@realDonaldTrump The #LiarInChief is the biggest fraud America has EVER seen!\n\n#Trump is trash! https://t.co/32BSleZCgV',Twitter for Android,1311357651935268865,b'BrainWashington \xf0\x9f\x87\xba\xf0\x9f\x87\xb8\xf0\x9f\x8f\xb4\xe2\x98\xa0',b'realist\n\xf0\x9f\x8c\x8a\xf0\x9f\x8c\x8a\xf0\x9f\x8c\x8a\n#resist\n\xf0\x9f\x9a\xab DMs',b'United States'
2020-09-30 17:30:01,"b""RT @alexmjordan: #Trump HAS denounced white hate groups repeatedly, Chris Wallace \n\nBut when will Biden, Dems &amp; MSM condemn BLM/ANTIFA's do\xe2\x80\xa6""",Twitter for iPhone,1311357648235831298,b'DG',"b'Avid reader, hobbies include: Bass fishing, Red fishing, camping,  puzzles, and writing. No DMs please'","b'Baton Rouge, La'"
2020-09-30 17:29:59,"b""RT @DaveBrownToons: Tomorrow's @Independent cartoon... #Trump #Biden #Debates2020 #Election2020 #PresidentialDebate #TrumpIsARacist https:/\xe2\x80\xa6""",Twitter for Android,1311357637557211137,b'3S ALL-AeRT',"b'Graphic dogthrower.\nNature & culture vulture, with a keen interest in everything else. Sortez couverts.\nAll puns my own, unless otherwise stolen.\nLaatboeier.'","b'Mechelen, Flanders, BE      \xf0\x9f\x91\x89'"
2020-09-30 17:29:58,b'@tomborelli @dbongino Did you watch a different debate than I did? Was a train wreck. And I\xe2\x80\x99m a #Trump supporter. N\xe2\x80\xa6 https://t.co/U2niKkL537',Twitter for iPhone,1311357636168818691,b'Southern Doc',b'#radiologist followed by @michellemalkin @govmikehuckabee @cvpayne @heritage @corybooker @greygoose @makersmark @braves @joy_villa & blocked by @boygeorge',b''
2020-09-30 17:29:56,"b'RT @howardfineman: Just to be clear, #Trump all but called for violent insurrection if he loses an election he\xe2\x80\x99s already declared is a \xe2\x80\x9cfra\xe2\x80\xa6'",Twitter Web App,1311357626484224002,b'Dave Kelley',b'\xe2\x80\x9cThe US can not be overtaken by outside forces\xe2\x80\xa6 it can only be collapsed from within\xe2\x80\xa6 we\xe2\x80\x99re watching it happen\xe2\x80\xa6 Trump-Russia\xe2\x80\x9d\xe2\x80\xa6 Trump aligns with Russia\xe2\x80\xa6',"b""Easy Readin' Authorhouse.com"""
2020-09-30 17:29:56,"b""I don\xe2\x80\x99t support Biden 4 a variety of reasons, but I truly don't understand how anyone could watch that tangerine bi\xe2\x80\xa6 https://t.co/xlSjGh4qgn""",Twitter for iPhone,1311357624294793216,b'Shamama Abbasi',"b""I think i'm not tangible to myself\xe2\x9d\xa4\xef\xb8\x8f #YaRasulAllah #Ahlulbayt #AliNimr #Yemen #Palestine #Kashmir #Bahrain #Imranist\xf0\x9f\x92\x9a #Corbyn #Putin\xe2\x9d\xa4\xef\xb8\x8f #Syria  #Assad #Hezbolah""","b'Livingston, West Lothian'"
2020-09-30 17:29:49,b'What did you think of the first presidential #debates? #debate #trump #biden',Twitter Web App,1311357596398428163,b'The Bassiouni Group',"b'Global consulting firm driving Economic Growth & Development via #Sustainability, #Innovation & #Impact. Powered by 500+ experts in 150+ countries. #NYC'","b'New York, USA'"
2020-09-30 17:30:13,"b'RT @JusticeRequiem: @psch1 @resign_today @realDonaldTrump It is Wednesday, September 30, 2020. As a citizen, I call for Donald J Trump to b\xe2\x80\xa6'",Twitter for iPad,1311357695312658433,b'El - VA Cat Lady',b'Retired web designer and innkeeper..now is the time to reveal my true self. #VOTEJOEBIDEN',b'VA'
2020-09-30 17:30:10,"b""RT @vankapro: @realDonaldTrump \n\nGuess What???\xf0\x9f\xa4\x94\nRudy's daughter \nSupports #BIDEN....\xf0\x9f\x91\x80\n\n#TrumpIsAFraud \n#trumpnoserockets \n#dailymotivation\xe2\x80\xa6""",Twitter for Android,1311357684940181509,"b""Mexi-'Can' Marine\xf0\x9f\x92\xaa(F\xf0\x9f\x96\x95U TRUMP!)""",b'(MARINE COMBAT-VET)(POWER\xf0\x9f\x8f\x8bLIFTER) (MMA\xf0\x9f\xa4\xbc\xe2\x80\x8dTRAINED !) MARRIED-DM/F#CK TRUMP! #FBR (Followed by @Rosie & @NancySinatra ) #SaveAnimals\xf0\x9f\x90\x95\xf0\x9f\x90\x88 #SupportGayRights\xf0\x9f\x8f\xb3\xef\xb8\x8f\xe2\x80\x8d\xf0\x9f\x8c\x88',b'WHERE TRUMP CANNOT BE HEARD\xf0\x9f\x96\x95'
2020-09-30 17:30:08,"b'RT @1Dittlinger: #Biden told so many whoppers last night, Burger King may sue him https://t.co/cW6gLC4gui'",Twitter for Android,1311357678120251392,b'That effort',b'I think therefore I am.... The ink is black The page is white Together we learn to read and write',b''
2020-09-30 17:30:08,b'RT @GrrrGraphics: #Trump vs #ChrisWallace someone wake up #Biden #PresidentialDebate2020 #Debates2020 New #BenGarrison Cartoon! Wallace Bid\xe2\x80\xa6',Twitter for iPhone,1311357676123836416,b'Emkayoh',b'#MAGA #Trump2020 #TrumpConservatve #1A #2A #ProLife #BlueLivesMatter #EndBrthrghtCitizenship #EVerify #MandatoryVoterID #BuyUSAHireUSA #EndHumanTrafficking',"b'On Parler, emkayoh'"
2020-09-30 17:30:05,"b'RT @SaraCarterDC: .@JHoganGidley Slams #Biden\xe2\x80\x99s Ties To \xe2\x80\x98Exalted Cyclops of the KKK\xe2\x80\x99\n\n\xe2\x80\x9cDo you have an idea, John, what an Exalted Cyclops o\xe2\x80\xa6'",Twitter Web App,1311357664853733376,b'William R. Scott',b'',"b'West Palm Beach, FL'"
2020-09-30 17:30:04,b'RT @BradandBritt: Brad and Britt Cast 09/30/20 #Biden #Trump #BidenHarris #BidenHarris2020 https://t.co/RvbyNpO4zO',Twitter Web App,1311357659740864512,b'Eric J Kasnia',b'I am a Expos Browns and Bucks fan also #KillHonkeys',"b'Waukesha, WI'"
2020-09-30 17:29:59,"b""RT @DaveBrownToons: Tomorrow's @Independent cartoon... #Trump #Biden #Debates2020 #Election2020 #PresidentialDebate #TrumpIsARacist https:/\xe2\x80\xa6""",Twitter for Android,1311357637557211137,b'3S ALL-AeRT',"b'Graphic dogthrower.\nNature & culture vulture, with a keen interest in everything else. Sortez couverts.\nAll puns my own, unless otherwise stolen.\nLaatboeier.'","b'Mechelen, Flanders, BE      \xf0\x9f\x91\x89'"
2020-09-30 17:29:58,b'@tomborelli @dbongino Did you watch a different debate than I did? Was a train wreck. And I\xe2\x80\x99m a #Trump supporter. N\xe2\x80\xa6 https://t.co/U2niKkL537',Twitter for iPhone,1311357636168818691,b'Southern Doc',b'#radiologist followed by @michellemalkin @govmikehuckabee @cvpayne @heritage @corybooker @greygoose @makersmark @braves @joy_villa & blocked by @boygeorge',b''
2020-09-30 17:29:54,"b'RT @SaraCarterDC: .@JHoganGidley Slams #Biden\xe2\x80\x99s Ties To \xe2\x80\x98Exalted Cyclops of the KKK\xe2\x80\x99\n\n\xe2\x80\x9cDo you have an idea, John, what an Exalted Cyclops o\xe2\x80\xa6'",Twitter for iPhone,1311357615851610113,b'jodienoe',"b'Married, one son, one dog'",b'Tennessee'
2020-09-30 17:29:50,b'RT @PhennommANON: Holy sox! Holy sox!. \xf0\x9f\xa4\xa3\xf0\x9f\x98\x82This cop annihilated a driver he pulls over bc of a #biden 2020 bumper sticker !!\nYou gotta watch\xe2\x80\xa6',Twitter for Android,1311357600936726529,b'Randy York',b'when all hell breaks loose and mother nature goes against us does it really matter what happened yesterday. \njust surviving another day!',b'Illinois'
2020-09-30 17:29:50,"b'RT @SaraCarterDC: .@JHoganGidley Slams #Biden\xe2\x80\x99s Ties To \xe2\x80\x98Exalted Cyclops of the KKK\xe2\x80\x99\n\n\xe2\x80\x9cDo you have an idea, John, what an Exalted Cyclops o\xe2\x80\xa6'",Twitter for iPhone,1311357599053299712,b'Lemon YellowSun',b'',b''
2020-09-30 17:29:49,b'What did you think of the first presidential #debates? #debate #trump #biden',Twitter Web App,1311357596398428163,b'The Bassiouni Group',"b'Global consulting firm driving Economic Growth & Development via #Sustainability, #Innovation & #Impact. Powered by 500+ experts in 150+ countries. #NYC'","b'New York, USA'"
2020-09-30 17:29:43,b'@therealmissjo @ACTBrigitte Yes!! He was wired!! He was listening to his handlers #Biden is demented. https://t.co/lM7XwN8Iux',Twitter for iPhone,1311357572520214528,b'\xf0\x9f\x87\xba\xf0\x9f\x87\xb8Born Texan Tess\xf0\x9f\x87\xba\xf0\x9f\x87\xb8',"b'God\xe2\x80\xa2Country\xe2\x80\xa2Patriot\xe2\x80\xa21A\xe2\x80\xa22A\xe2\x80\xa2 \xf0\x9f\x92\xafTexan\xe2\x80\xa2\xf0\x9f\x92\xafProLife\xe2\x80\xa2\xf0\x9f\x92\x99BLUE LIVES MATTER\xf0\x9f\x92\x99\xf0\x9f\x9a\xabDMs/Lists\xe2\x80\xa2Feel free 2block me, I \xe2\x9d\xa4\xef\xb8\x8f liberal \xf0\x9f\x8f\x86s'",b'\xf0\x9f\x87\xba\xf0\x9f\x87\xb8The Lone Star State TX\xe2\xad\x90\xef\xb8\x8f'
2020-09-30 17:29:43,"b'@SinaToossi Absolutely! We, true Iranians, will loose our hope of get ride of Islamic republic if sleepy #Biden get\xe2\x80\xa6 https://t.co/g0HJZFZU4F'",Twitter for iPhone,1311357569454153728,b'NABA',b'An #Iranian Scientist & Researcher! Adore Science and law! My commander #Ego and #Humanity! Vote for #Parliamentary_Monarchy for #Iran after #Mullah',b''
2020-09-30 17:29:39,b'RT @GrrrGraphics: #Trump vs #ChrisWallace someone wake up #Biden #PresidentialDebate2020 #Debates2020 New #BenGarrison Cartoon! Wallace Bid\xe2\x80\xa6',Twitter Web App,1311357555919200260,b'Chandler Kenilworth',"b""Army veteran, wife, mom, conservative #2A, law and order. I stand for the flag. Go ahead and post that overused meme because, yeah, that'll win the debate.""","b'Georgia, USA'"
2020-09-30 17:29:35,b'RT @GrrrGraphics: #Trump vs #ChrisWallace someone wake up #Biden #PresidentialDebate2020 #Debates2020 New #BenGarrison Cartoon! Wallace Bid\xe2\x80\xa6',Twitter Web App,1311357536654839812,b'Lions@99gate',"b'Ascension colors, artist, family fun, friends, nature'",b'ASCENSION NOW'
2020-09-30 17:29:34,"b'RT @9NEWSNANCY: \xe2\x80\x9cIt is purely a FORTUITY that this [SWINE FLU]  isn\xe2\x80\x99t one of the great MASS CASUALTY EVENTS in AMERICAN HISTORY, it had NOT\xe2\x80\xa6'",Twitter for iPhone,1311357533643255813,b'SuperSouthernBoy',"b""Regular Joe, workin' man. University of South Carolina graduate. Moderate conservative Understands economics Unwavering Patriot! Father of Hannah Chloe USAF Vet""","b'Varnville, SC'"
2020-09-30 17:29:33,b'RT @arnohb112: Something important for inbeetween the #Debates2020 #Trump #Biden #StandWithHongKong and sign this Petition \xf0\x9f\x98\x89 https://t.co/j\xe2\x80\xa6',Twitter for Android,1311357528098308096,b'James Shim',b'Just a normal human begging for freedom and justice.  Believe in better side of human nature.',b''
2020-09-30 17:29:28,"b'RT @SaraCarterDC: .@JHoganGidley Slams #Biden\xe2\x80\x99s Ties To \xe2\x80\x98Exalted Cyclops of the KKK\xe2\x80\x99\n\n\xe2\x80\x9cDo you have an idea, John, what an Exalted Cyclops o\xe2\x80\xa6'",Twitter for iPhone,1311357507240157184,b'Bill Meyer',"b'Christian, Conservative, Special Needs Dad'",b''
2020-09-30 17:29:27,b'@kayleighmcenany The fact that #Biden was able to keep his train of thought at all with the \xe2\x80\x9checkler in chief\xe2\x80\x9d cons\xe2\x80\xa6 https://t.co/HqsLm7Nibc',Twitter for iPhone,1311357504689823744,b'For the love of wine \xe2\x9d\xa4\xef\xb8\x8f\xf0\x9f\x8d\xb7\xf0\x9f\x8c\xb5',"b'I love \xf0\x9f\x90\xb6, wine, history and intelligent debates of ideas, current events and possibilities of the future. I hate bots, narrow minds and willful ignorance. \xf0\x9f\x8d\xb7'","b'Phoenix, AZ'"
2020-09-30 17:28:29,"b'RT @Femi_Sorry: Dear America, please get rid of Trump.\n\nLove from,\nYour British cousins.\n#Debates2020 #PresidentialElection2020 \nhttps://t.\xe2\x80\xa6'",Twitter for Android,1311357262670299138,b'sally\xf0\x9f\x8c\xb7\xf0\x9f\x8c\xbc\xf0\x9f\x8c\xb3#FBPE',b'bored',b''
2020-09-30 17:26:46,"b'RT @Femi_Sorry: Dear America, please get rid of Trump.\n\nLove from,\nYour British cousins.\n#Debates2020 #PresidentialElection2020 \nhttps://t.\xe2\x80\xa6'",Twitter for Android,1311356826932244480,b'Rebel Alliance FBPE 3.5%',"b""Stand Up or be walked over.\nIt's empathy that divides us.\nFighting for a fairer world.""",b'South Wales'
2020-09-30 17:26:41,b'RT @BrettSVergara: We are truly in a parody of life when Trump is most proud of bringing back football #PresidentialElection2020',Twitter for iPhone,1311356806447263745,b'Estefan\xc3\xada',b'Proud Latina \xf0\x9f\x87\xb5\xf0\x9f\x87\xb7 and Immigration Attorney \xe2\x9a\x96\xef\xb8\x8f (Views on feed are my own)',"b'New Orleans, LA'"
2020-09-30 17:26:36,"b'RT @RelativeInsight: A LOT of #PresidentialElection2020 analysis has been done, but ours is different.\n\nHere we analyse the language of twe\xe2\x80\xa6'",Twitter for iPhone,1311356785308164096,b'Ben Hookway',"b""CEO of Relative Insight - turning language into business value @relativeinsight #languageisinsight. The most dangerous word is 'maybe'""",b'London/Manchester/Edinburgh'
2020-09-30 17:24:09,b'RT @John_A_Little: They should have a Lakota woman moderate next time so these wasicu\xe2\x80\x99s know who is in charge #PresidentialElection2020',Twitter Web App,1311356168896262150,b'David Turin',b'still playing tarzan after all these years',"b'Gasquet, CA'"
2020-09-30 17:23:29,"b'RT @Femi_Sorry: Dear America, please get rid of Trump.\n\nLove from,\nYour British cousins.\n#Debates2020 #PresidentialElection2020 \nhttps://t.\xe2\x80\xa6'",Twitter Web App,1311356000889339909,b'Pablo Martinez Pancorbo',"b'PhD researcher in nanomedicine @UniofExeter. \nEx @UniComplutense, @UNED, @KTHuniversity. \nCancer survivor, antifascist & vegan. \nHe/him. \nWorld citizen \xf0\x9f\x8c\x8d'",b'Precautionary self-isolation\xf0\x9f\x98\xb7'
2020-09-30 17:22:38,"b""The disparity in 'likes' for @JoeBiden tweets are suspicious at best. \n\nJust from yesterday one of his tweets had 1\xe2\x80\xa6 https://t.co/ucFPcS6YFT""",Twitter Web App,1311355787030065152,b'Wilhelm',"b'Film, Fashion, Art, Photography, Music, LSU FOOTBALL & occasionally, Politics...'",b''
2020-09-30 17:22:29,"b'RT @Femi_Sorry: Dear America, please get rid of Trump.\n\nLove from,\nYour British cousins.\n#Debates2020 #PresidentialElection2020 \nhttps://t.\xe2\x80\xa6'",Twitter for iPhone,1311355750351089667,b'George Couyas #FBPE',"b'#interiordesigngeek Designer of Theatre interiors and more. Greek, born in Australia, sounds very British'",b'London and Whistable '
2020-09-30 17:22:13,"b'Now white supremacists are ""proud boys""? And antifascism is something bad? What kind of dystopia is the US in?\xe2\x80\xa6 https://t.co/o4TvhdO7Y9'",Twitter Web App,1311355682109747200,b'Pablo Martinez Pancorbo',"b'PhD researcher in nanomedicine @UniofExeter. \nEx @UniComplutense, @UNED, @KTHuniversity. \nCancer survivor, antifascist & vegan. \nHe/him. \nWorld citizen \xf0\x9f\x8c\x8d'",b'Precautionary self-isolation\xf0\x9f\x98\xb7'
2020-09-30 17:20:07,"b'RT @Femi_Sorry: Dear America, please get rid of Trump.\n\nLove from,\nYour British cousins.\n#Debates2020 #PresidentialElection2020 \nhttps://t.\xe2\x80\xa6'",Twitter for Android,1311355157368778753,b'Rachael Weeks-Fleming',b'',b''
2020-09-30 17:19:46,"b""RT @BJohnsonKCRA: #ICYMI: Here's my story from last night.\nAccording to Deva Marie Proto, the Sonoma County Clerk (@CountyofSonoma), the ma\xe2\x80\xa6""",Twitter Web App,1311355065299427328,b'BOBO Distancing Socially \xf0\x9f\xa6\x91\xf0\x9f\xa6\x91\xf0\x9f\xa6\x91',b'relays info w/ pancake  er...panache\n#BehindTheScenesGeek\n#Squid #Fish #Cats #Dogs #Birds #QuadPolar #CancerFighter #NeedAWorldSeriesB4Death',b''
2020-09-30 17:18:13,"b""RT @BJohnsonKCRA: #ICYMI: Here's my story from last night.\nAccording to Deva Marie Proto, the Sonoma County Clerk (@CountyofSonoma), the ma\xe2\x80\xa6""",TweetDeck,1311354677347278848,b'kcranews',"b'Where the News Comes First. Breaking news, weather and what\xe2\x80\x99s happening now in Northern California.'","b'Sacramento, CA'"
2020-09-30 17:15:35,"b'RT @Femi_Sorry: Dear America, please get rid of Trump.\n\nLove from,\nYour British cousins.\n#Debates2020 #PresidentialElection2020 \nhttps://t.\xe2\x80\xa6'",Twitter for Android,1311354014068609026,b'Anthony Crawley',b'',b''
2020-09-30 17:14:31,b'I really might have to take a shot at this! #PresidentialElection2020 #Perkins2020',Twitter for Android,1311353746102857729,b'Mister Perkins',"b'What goes up must come down rite, ,? SackMaster #QBKiller. Live with no REGRETS!! GO EAGLES'",b'Pennsylvania '
2020-09-30 17:07:15,"b'RT @Femi_Sorry: Dear America, please get rid of Trump.\n\nLove from,\nYour British cousins.\n#Debates2020 #PresidentialElection2020 \nhttps://t.\xe2\x80\xa6'",Twitter for iPhone,1311351919231856640,b'Ingrid Nachstern',b'Filmmaker Screenwriter Dance Artist Choreographer Artistic Director of Night Star Dance https://t.co/KLshtEDwgA Kind! \xf0\x9f\x95\xb7\xf0\x9f\x87\xaa\xf0\x9f\x87\xba#GirlySwot',b'Dublin and London '
2020-09-30 17:05:54,"b'RT @Femi_Sorry: Dear America, please get rid of Trump.\n\nLove from,\nYour British cousins.\n#Debates2020 #PresidentialElection2020 \nhttps://t.\xe2\x80\xa6'",Twitter for iPhone,1311351578100666368,b'Gareth Pearce',"b'ANTI-Racist! BLM. Holding on to the idea that we are more alike, my friends, than we are unalike, despite all the hate this stuff spits out sometimes. Be nice.'","b'Royal Tunbridge Wells, England'"
2020-09-30 17:05:54,"b""RT @heidiEC5: @Femi_Sorry Dear America.\n\nFemi is an idiot. He speaks only for himself. We are embarrassed but we can't get rid of him unfor\xe2\x80\xa6""",Twitter for Android,1311351576469135361,b'LeeBristol',"b'\xf0\x9f\x8f\xb4\xf3\xa0\x81\xa7\xf3\xa0\x81\xa2\xf3\xa0\x81\xa5\xf3\xa0\x81\xae\xf3\xa0\x81\xa7\xf3\xa0\x81\xbfSeason ticket holder, loves away days...proud to be English ....Brexit, Trump, anti left\xf0\x9f\x8f\xb4\xf3\xa0\x81\xa7\xf3\xa0\x81\xa2\xf3\xa0\x81\xa5\xf3\xa0\x81\xae\xf3\xa0\x81\xa7\xf3\xa0\x81\xbf unviolent nice bloke'",b'STANDING WITH ISRAEL'
2020-09-30 17:02:45,"b""RT @heidiEC5: @Femi_Sorry Dear America.\n\nFemi is an idiot. He speaks only for himself. We are embarrassed but we can't get rid of him unfor\xe2\x80\xa6""",Twitter for Android,1311350783682715648,b'Amelia Jane Hoskins',"b'Whatever you can do, or dream you can, BEGIN IT \nBoldness has Genius, Power and Magic ~ J.W. Goethe\n\xf0\x9f\xa6\x8b Love Wilderness. Recycler. Designer-maker-painter. \xf0\x9f\x8e\xa8\xf0\x9f\x8c\xb7'","b'Devon, UK'"
2020-09-30 17:02:24,"b'RT @Femi_Sorry: Dear America, please get rid of Trump.\n\nLove from,\nYour British cousins.\n#Debates2020 #PresidentialElection2020 \nhttps://t.\xe2\x80\xa6'",Twitter for Android,1311350696831258625,b'Juhayman',b'Solah',"b'Manchester, England'"
2020-09-30 17:01:40,b'Moss sums up my feelings on the #DebateTuesday\n\n#Debates2020 #Debate2020 #Debatenight #TrumpMeltdown #shutupman\xe2\x80\xa6 https://t.co/pm4wFmroEZ',Twitter for Android,1311350513582080001,b'Connor Whitman',b'Digital Strategy Consultant & Inbound Marketer\n\nhttps://t.co/ckjEnokZY5\n\nHelping SMBs w/ modern tech @ https://t.co/ckjEnokZY5\nBuilding a global community w/ #inboundsolox',"b'Portsmouth, NH'"
2020-09-30 17:30:08,b'#Poker Twitter Takes Predictable Sides in First 2020 #US Presidential Debate #Politics #Election2020\xe2\x80\xa6 https://t.co/0dq18ZbpR7',Hootsuite Inc.,1311357674924265472,b'CardsChat',"b""The World's #1 Poker Community with over 300,000 members on our forum. Our mission is to connect every poker player around the world.""",b''
2020-09-30 17:30:06,b'34 DAYS UNTIL DEMOCRATS DISRUPT AND CONTEST #Election2020 #Elections2020 #Trump2020Landslide #Trump2020 https://t.co/0P6L9SjaFX',Twitter Web App,1311357668091506688,b'd1v3rg3nt81 \xf0\x9f\x87\xba\xf0\x9f\x87\xb8',b'',b''
2020-09-30 17:30:05,"b'I cannot wait until #KamalaHarris and Pence have their debate. I really do think Kamala, more than Biden, has the p\xe2\x80\xa6 https://t.co/6tuANz3c3Z'",Twitter for iPhone,1311357663360344064,b'Adam|Dalek',"b""80's kid at heart. Nerd. Gaymer. Animal Lover. {He/Him}""",b'Canada'
2020-09-30 17:30:05,"b""We're releasing videos on each of California's 11 statewide ballot questions, in the order they're on your ballot.\xe2\x80\xa6 https://t.co/mKjWB7Nnhm""",Twitter Web App,1311357661749948416,b'Brandon Rittiman',b'Dad. Husband. Beer-league hockey player.\nInvestigative reporter / special projects for @ABC10. (@TEGNA)',"b'Sacramento, CA'"
2020-09-30 17:30:02,b'#Election2020 information for #OlderAdults &amp; #Caregivers from @AARP https://t.co/0owdbdMEpC',Twitter Web App,1311357649070575616,b'SS Elder Services',"b'Area Agency on Aging & Aging Services Access Point for Braintree, Cohasset, Hingham, Hull, Holbrook, Milton, Norwell, Quincy, Randolph, Scituate, Weymouth'","b'Braintree, MA'"
2020-09-30 17:29:59,"b""RT @DaveBrownToons: Tomorrow's @Independent cartoon... #Trump #Biden #Debates2020 #Election2020 #PresidentialDebate #TrumpIsARacist https:/\xe2\x80\xa6""",Twitter for Android,1311357637557211137,b'3S ALL-AeRT',"b'Graphic dogthrower.\nNature & culture vulture, with a keen interest in everything else. Sortez couverts.\nAll puns my own, unless otherwise stolen.\nLaatboeier.'","b'Mechelen, Flanders, BE      \xf0\x9f\x91\x89'"
2020-09-30 17:29:51,b'RT @PasReport: \xf0\x9f\x8e\x99 The mic is still cooling off from the #Debates2020 @PasReport analysis. @realDonaldTrump &amp; @JoeBiden went head to head in\xe2\x80\xa6',Twitter for iPad,1311357606817005569,b'\xf0\x9f\x8c\xb5Nationalist of AZ \xf0\x9f\x8c\xb5\xf0\x9f\x8c\x9f\xf0\x9f\x8c\x9f\xf0\x9f\x8c\x9f',b'Conservative Speak https://t.co/CPabtG7L7X https://t.co/EiUus9w23T https://t.co/q37VyU2yOO',"b'Arizona, USA'"
2020-09-30 17:29:35,b'You gonna read the hundreds of pages of Trump returns or are you gonna try and pick out something you don\xe2\x80\x99t underst\xe2\x80\xa6 https://t.co/UlQdtIkqdd',Twitter Web App,1311357537766301696,b'TRILLIONS',"b'Father, Serial Entrepreneur, Not Risk Averse, Lucky, Always improving. Do More.'",b''
2020-09-30 17:29:35,b'RT @MJRunner420: @twizzitrade $GAHC Go BIG and PAY off your Home+++. Easy 10X here.\n\nMail in ballot and blockchain play.\nBest of both world\xe2\x80\xa6',Twitter for Android,1311357536457678849,b'BuyBitcoin',b'Penny stock Trader. Buy #bitcoin',b''
2020-09-30 17:29:32,"b""2020 Presidential Election News Update\xf0\x9f\x97\x9e:\nTrump had to 'fight' during first presidential debate because of Biden's '\xe2\x80\xa6 https://t.co/HiezovQnr0""",Automate.io,1311357526944944128,b'2020 Presidential Election News',b'Follow for a live feed of non-filtered news related to the United States of America\xe2\x80\x99s Presidential #Election of 2020.',b'Washington D.C.'
2020-09-30 17:29:22,"b'Hispanics and African Americans that are voting for Trump, question... WHY?!?!? \xf0\x9f\xa4\xa1 \n\n#Election2020 #WednesdayThoughts'",Twitter for iPhone,1311357484754505728,b'\xe2\x80\xa2 Jordan \xe2\x80\xa2',b'\xe9\xac\xbc\xe6\xae\xba\xe3\x81\x97 Mobile - Atlanta. Living off Gods grace. Love Movies. Love Sports. Love Anime. Future Director/Writer. #WarEagle #BLM',"b'Lawrenceville, GA'"
2020-09-30 17:29:21,b'#Illinois Voter Guides Are Going Fast! Have You Ordered in Bulk Yet?: https://t.co/6K39EnMebH #Election2020 #ILRight',Twitter for Android,1311357480719601664,b'IL Family Institute',"b'Pro Family, Pro Life, Pro Marriage, Boldly Bringing a Biblical Perspective to Public Policy in Illinois'",b'Illinois'
2020-09-30 17:29:19,b'RT @vote4robgill: US Governors need to IMMEDIATELY make possession of a weapon within 250 feet from a polling station a felony with a minim\xe2\x80\xa6',Twitter for iPad,1311357470497857536,b'Phylulu',b'',b''
2020-09-30 17:29:18,"b'RT @noamchomskyT: If the Nuremberg laws were applied, then every post-war American president would have been hanged.\nNoam Chomsky\n#Laws \n#E\xe2\x80\xa6'",Twitter for iPhone,1311357467859791873,b'\xf0\x9f\xa5\x80 Joanne D. \xf0\x9f\xa5\x80\xf0\x9f\x87\xba\xf0\x9f\x87\xb8',b'THE ORIGINAL JOANNE D. SULLIVAN',b''
2020-09-30 17:29:07,b'RT @TrueTheVote: Watch this video from Catherine on Twitter silencing True the Vote this week. We are back in action and will continue doin\xe2\x80\xa6',Twitter for iPhone,1311357418450964483,b'LaVerne TEXT Trump to 88022',b'\xf0\x9f\x87\xba\xf0\x9f\x87\xb8Supporter of all LEOs \xf0\x9f\x87\xba\xf0\x9f\x87\xb8Honored to be followed by GEN. MICHAEL FLYNN \xf0\x9f\x87\xba\xf0\x9f\x87\xb8SAVE the USA \xf0\x9f\x87\xba\xf0\x9f\x87\xb8TRUMP 2020',"b'Michigan, USA'"
2020-09-30 17:29:06,"b'RT @Harryslaststand: When you make elections about lower taxes like the Republicans and conservative parties the world over did, 40 years a\xe2\x80\xa6'",Twitter for iPhone,1311357417658232832,b'Keith Sharpe',b'In the words of my grandfather \xe2\x80\x9cI\xe2\x80\x99m 70 \xe2\x80\x98s\xe2\x80\x99now\xe2\x80\x9d. Cummings said poor are poor because they\xe2\x80\x99ve a low intelligence. I\xe2\x80\x99m poor with an IQ of 137!',"b'Southampton, England'"
2020-09-30 17:28:59,"b'Amy Coney Barrett is PRO Lockdown, and PRO Forced Vaccination!! #SupremeCourt #Election2020'",Twitter Web App,1311357386351955969,b'Jay_Arrington',b'',b''
2020-09-30 17:28:59,"b'Hilarious, non-partisan ""transcript"" of the first Presidential debate.....pretty spot on.  #Debates2020\xe2\x80\xa6 https://t.co/ZJcaGCpNBx'",Twitter Web App,1311357384745455618,b'David A. Frankel \xf0\x9f\xa6\x85',b'Entrepreneur & Advisor | General Manager | Data & Analytics Guy | Marketing Guy | FinTech Guy | ENTJ | Boston College Eagle - NOT to be confused w/VC @dafrankel',b'Greater Boston Area'
2020-09-30 17:28:53,"b'The question can rightfully be asked, and should be asked regularly until we get an answer: President Bush - who ar\xe2\x80\xa6 https://t.co/Ku7QyOXVPs'",Twitter Web App,1311357362813444097,b'WolfpackRobNC',"b'I\xe2\x80\x99m a tailgating, Wolfpack loving, southern native LIBERAL. You got a problem with that? #BidenHarris2020'","b'Raleigh, NC'"
2020-09-30 17:28:46,"b""RT @nyinvesting: Why can't the #FakeNews media admit that? They know the potential for fraud from mail-in voting, but lie about it #tcot #c\xe2\x80\xa6""",Twitter for iPhone,1311357331897290755,b'Mrs Brand',b'American and proud of it. I still believe that anyone can succeed in the USA if you work hard.  Ohio State Grad. Go Bucks!',b'East Coast USA'
2020-09-30 17:29:56,"b""I don\xe2\x80\x99t support Biden 4 a variety of reasons, but I truly don't understand how anyone could watch that tangerine bi\xe2\x80\xa6 https://t.co/xlSjGh4qgn""",Twitter for iPhone,1311357624294793216,b'Shamama Abbasi',"b""I think i'm not tangible to myself\xe2\x9d\xa4\xef\xb8\x8f #YaRasulAllah #Ahlulbayt #AliNimr #Yemen #Palestine #Kashmir #Bahrain #Imranist\xf0\x9f\x92\x9a #Corbyn #Putin\xe2\x9d\xa4\xef\xb8\x8f #Syria  #Assad #Hezbolah""","b'Livingston, West Lothian'"
2020-09-30 17:28:40,b'#Debate2020 #TrumpMeltdown #TrumpVsBiden #Trumps90MinuteTantrum\n\nWOMEN are too emotional to lead? https://t.co/a98YN8Cq41',Twitter Web App,1311357308379828224,b'Loudmouth Liberal',b'',b''
2020-09-30 17:28:29,"b""So yesterday's America Presidential Debate was Epic!!! @realDonaldTrump Came with the heat @JoeBiden started burnin\xe2\x80\xa6 https://t.co/haYJpkKFZ6""",Twitter for Android,1311357261147713538,"b""Brown's pot\xe2\x9c\xa8\xf0\x9f\x87\xb3\xf0\x9f\x87\xac""",b'Blogger||Historian|| Actor|| Musicologist\nScorpio \xf0\x9f\xa6\x82\nOAU breed\nStay up-to-date \xf0\x9f\x92\xaf\nStay Safe\xf0\x9f\x92\xaf\nStay Connected\xf0\x9f\x92\xaf\nI always Follow back\xf0\x9f\x92\xaf\xf0\x9f\x92\xaf',b'Nigeria'
2020-09-30 17:27:35,b'RT @ShelaghFogarty: Imagine if two women debated like #TrumpVsBiden they\xe2\x80\x99d (rightly) be laughed out of town.',Twitter for iPad,1311357034516881408,b'JayoftheBrae \xf0\x9f\x8c\xb1',b'Artist - Digital printmaking/Drawing/Installation/Mixed Media/Sculpture',b'Mid-west Highlands'
2020-09-30 17:25:15,b'RT @bluebirds999: Trump or Biden for US President? \n\n#USElection2020 #USPresidentialDebate2020 #TrumpVsBiden #TrumpBidenDebate',Twitter for iPhone,1311356445661827080,b'T. I CAN\xe2\x80\x99T BREATHE \xf0\x9f\x87\xaa\xf0\x9f\x87\xba\xf0\x9f\x90\x9f \xf0\x9f\x95\xb7',b'Putin\xe2\x80\x99s far right project has been achieved. The fascists are now in power. #Resist and make the racists afraid again. #KARMA #FBPE #Sardines #BlackLivesMatter',b'Europe \xf0\x9f\x87\xaa\xf0\x9f\x87\xba'
2020-09-30 17:24:31,b'RT @TrumpGirlOnFire: Check this out from Patriot Jennifer Herbs\n@JenniferHerbs \xe2\x99\xa5\xef\xb8\x8f\xf0\x9f\x8c\xb8\xf0\x9f\x91\xa0\n\nWhat a voice! and this is the greatest video for the #\xe2\x80\xa6',Twitter Web App,1311356262723059715,b'\xf0\x9f\x87\xba\xf0\x9f\x87\xb8 The Rosie \xf0\x9f\x87\xba\xf0\x9f\x87\xb8 34 DAYS TO 4 MORE YEARS',b'\xf0\x9f\x87\xba\xf0\x9f\x87\xb8Sweet Land of Liberty\xf0\x9f\x87\xba\xf0\x9f\x87\xb8\xf0\x9f\x9a\x82 IFBPatriots\xf0\x9f\x9a\x82 \xf0\x9f\x8c\xb9#MAGA\xf0\x9f\x8c\xb9 #Vets \xf0\x9f\x87\xba\xf0\x9f\x87\xb8#AmericaFirst \xf0\x9f\x87\xba\xf0\x9f\x87\xb8 \xe2\x9d\x97\xef\xb8\x8f#\xce\x9c\xce\x9f\xce\x9b\xce\xa9\xce\x9d\xce\x9b\xce\x91\xce\x92\xce\x95\xe2\x9d\x97\xef\xb8\x8f#Trump2020 \xf0\x9f\x87\xba\xf0\x9f\x87\xb8 #2A \xe2\x9c\x9d\xef\xb8\x8f#CCOT\xe2\x9c\x9d\xef\xb8\x8f \xf0\x9f\x87\xba\xf0\x9f\x87\xb8Fwd by @Catturd2\xf0\x9f\x98\x89 #NoKnee',"b'Virginia, USA'"
2020-09-30 17:23:18,"b'My favorite moment of last night\'s #TrumpVsBiden debate is when Biden said ""my son, like a lot of people... had a d\xe2\x80\xa6 https://t.co/CBbNtSAYFO'",Twitter for Android,1311355958392688646,b'Michal Bak',"b""Graduate student in Developmental Psychology, sports fan, comedy fan, nature fan, don't take disagreements personally.""",b''
2020-09-30 17:22:35,"b'#JoeBiden DO NOT do another ""debate"" with trump- he\'s a joke. Don\'t waste your time or ours. He\'s an idiot!!\xe2\x80\xa6 https://t.co/diO5WD8aXh'",Twitter for iPhone,1311355774577315841,b'Mercy Duenas',b'Helping you with all your real estate and relo needs in Guadalajara TRILENIUM',b'Guadalajara Mexico'
2020-09-30 17:21:52,"b'Trump attacked Biden\xe2\x80\x99s son for not getting a job until Joe became VP, yet Trump\xe2\x80\x99s offspring never had a job outside\xe2\x80\xa6 https://t.co/h57xlMktTP'",Twitter for iPhone,1311355593987256320,b'The Emporer',b'Born small along time ago and grew big. Now I see the world as it is.',b''
2020-09-30 17:17:28,"b""RT @tccarnell: Here's Stockholm (Sweden) business district - early morning before the daily floor sweeping begins. #TrumpMeltdown #TrumpVsB\xe2\x80\xa6""",Twitter for iPhone,1311354488427552768,b'Haydu',"b'just a funny guy trying to get my crazy, live, audience based show together! From Kansas City, now living in Denver.'","b'Superior, CO'"
2020-09-30 17:17:27,"b""Do watch if you haven't watched. Fun guaranteed. #TrumpvsBiden #Debates2020 https://t.co/Sg2qLrypGS""",Twitter for Android,1311354482630955008,b'Prateek Shah',b'Founder @DigitalDefynd - find the best courses online',b'Delhi'
2020-09-30 17:17:01,b'I think this debate needed a UN mediator. #TrumpVsBiden',Twitter for iPhone,1311354373830856704,b'Hager El-Sokaily',b'',"b'Vienna, Austria'"
2020-09-30 17:16:45,b'RT @BayleighDaily: At this point I just can\xe2\x80\x99t believe that this is even happening at all ... The president OF THE UNITED STATES refusing to\xe2\x80\xa6',Twitter for iPhone,1311354310069039106,b'80rockstar',b'Loving life~my family',b''
2020-09-30 17:16:42,b'RT @HonourableHappy: Who will you vote in 2020?\n\n#Election2020 #ElectionDay #elections #Poll #polls #TrumpCrimeFamily #Trump #TrumpIsALoser\xe2\x80\xa6',Twitter Web App,1311354296131182592,b'Philomena',"b'Retired athlete and coach, recovering public school teacher of 30+ years. Animal lover. I like a good joke. God is love! Ohana is forever!'",b''
2020-09-30 17:16:39,b'RT @bluebirds999: Trump or Biden for US President? \n\n#USElection2020 #USPresidentialDebate2020 #TrumpVsBiden #TrumpBidenDebate',Twitter for iPhone,1311354281711239168,b'Sgt Smith13',b'Ex SNCO still suffering for my Country. My views are my own. Yes Im a rivet head and proud .',b'Gloucestershire'
2020-09-30 17:16:24,"b""#TrumpVsBiden What an utterly loathsome man #Trump is! It's not often I find myself roused enough about the leader\xe2\x80\xa6 https://t.co/RzkDZgEj7Q""",Twitter Web App,1311354221762170880,b'\xe2\x99\x95Lord Elpus OBE MBE JCB',"b""\xe2\x99\x95 If you find it hard to laugh at yourself, I would be happy to do it for you, those are my principles, if you don't like them I have many others.""",b'Two Rivers'
2020-09-30 17:15:09,b'.@NickBryantNY on @BBCRadio4. #TrumpVsBiden \xe2\x80\x99more cage fight than Camelot\xe2\x80\x99. Love it. #uspresidentialdebate',Twitter Web App,1311353903540326400,b'Sian Williams',"b'@BACP reg. counsellor. Final year Counselling Psychology Doctorate. Journalist, broadcaster, writer.\nQueries to @KnightAyton  https://t.co/Sgl5k1srMV'",b'London'
2020-09-30 17:15:04,"b'Having watched the first US Presidential debate, you have to ask if the US was the loser https://t.co/hGA1CWsAFO #TrumpVsBiden'",Twitter Web App,1311353886423298049,b'Colum McAndrew',"b""Irish and proud. Blogger with posts on sport, technical writing, politics, and life. Just don't don't call me Colin!""",b'London / Surrey'
2020-09-30 17:11:04,b'RT @bluebirds999: Trump or Biden for US President? \n\n#USElection2020 #USPresidentialDebate2020 #TrumpVsBiden #TrumpBidenDebate',Twitter for Android,1311352876762099714,b'\xe5\x8d\x90 Raj Kashyap \xe5\x8d\x90',b'\xe5\x8d\x90\xf0\x9f\x95\x89\xef\xb8\x8f\xe5\x8d\x90',b''
2020-09-30 17:10:52,b'RT @RcgThiago: Will you shut up man!!\n#TrumpVsBiden #Debates2020 https://t.co/nr3s7wH9oI',Twitter for Android,1311352829181931520,b'C\xc3\xa9sar Alejandro',b'',b'Cuba'
2020-09-30 17:30:15,"b""SPIEGEL ONLINE NEWTop story: @VanJones68: 'Only three things happened tonight:\n\n1. #DonaldTrump refused to condemn\xe2\x80\xa6 https://t.co/ejNVu1Qjsh""",The Tweeted Times,1311357705311916032,b'derblauweisse',"b'For Justice, we must go to The Godfather. ......Per la giustizia, abbiamo bisogno di Don Corleone. .......F\xc3\xbcr Gerechtigkeit m\xc3\xbcssen wir zu Don Corleone.'",b'New York'
2020-09-30 17:30:10,"b""RT @MeghUpdates: China is fuming on #coronavirus being called as 'Chene Plague' by US President  #DonaldTrump in Presidental Debate""",Twitter for Android,1311357686538092552,b'Santosh Behura (R)',b'With NATURE to live:\nWith NATION to live with self-respect',b'India'
2020-09-30 17:30:00,b'RT @andre_carrilho: The #shitshow master. #potus #donaldtrump #election #debate https://t.co/vrFZtUnTbx',Twitter Web App,1311357642481246216,b'indiestyle',"b'I am designer who used to despise twitter, but our times made it useful.'",b''
2020-09-30 17:30:00,"b'In their first televised debate, Democratic challenger #JoeBiden accused US President #DonaldTrump of concealing th\xe2\x80\xa6 https://t.co/xHdG2USPmX'",TweetDeck,1311357641969418240,b'BOOM Live',"b""IFCN certified fact-driven journalism. India's first independent online resource to fight misinformation, explain issues and keep the internet safe""","b'Mumbai, India'"
2020-09-30 17:30:00,b'Our great president #DonaldTrump is a FIGHTER !!!!!!! - He needs to be to strike down those hideous creatures in th\xe2\x80\xa6 https://t.co/0a85NoM6yb',Twitter Web App,1311357641839566852,b'Joyous_Deplorable_In_Christ \xe2\x9c\x9eJesus \xf0\x9f\x91\xae\xe2\x80\x8d\xe2\x99\x82\xef\xb8\x8f#Law&Order',"b""14th generation American making a Godly stand #maga #AllLivesMatter #ReelectTrump. Please follow, I'll FB - together we can help save & honor this great nation""","b'Massachusetts, USA'"
2020-09-30 17:29:41,"b""RT @MeghUpdates: China is fuming on #coronavirus being called as 'Chene Plague' by US President  #DonaldTrump in Presidental Debate""",Twitter for Android,1311357562910990336,b'Ritam',"b'Die-Hard gamer,foodie\xf0\x9f\x98\x8b, proud Indian\xf0\x9f\x87\xae\xf0\x9f\x87\xb3, truth seeker \xf0\x9f\xa4\x94, Jai Hind \xf0\x9f\x87\xae\xf0\x9f\x87\xb3\xf0\x9f\x98\x8e'","b'Kolkata, India'"
2020-09-30 17:29:37,"b""RT @MeghUpdates: China is fuming on #coronavirus being called as 'Chene Plague' by US President  #DonaldTrump in Presidental Debate""",Twitter for Android,1311357544540049409,b'Prakash',b'',b'Muscat '
2020-09-30 17:29:25,"b""RT @MeghUpdates: China is fuming on #coronavirus being called as 'Chene Plague' by US President  #DonaldTrump in Presidental Debate""",Twitter Web App,1311357494891962368,b'Upendra Vikram \xe0\xa4\xb8\xe0\xa4\xbf\xe0\xa4\x82\xe0\xa4\xb9 \xf0\x9f\x87\xae\xf0\x9f\x87\xb3\xf0\x9f\x87\xae\xf0\x9f\x87\xb3',"b""A Proud \xe0\xa4\xad\xe0\xa4\xbe\xe0\xa4\xb0\xe0\xa4\xa4\xe0\xa4\xb5\xe0\xa4\xbe\xe0\xa4\xb8\xe0\xa5\x80 , HINDU, \xe0\xa4\xac\xe0\xa5\x80\xe0\xa4\x9c\xe0\xa5\x87\xe0\xa4\xaa\xe0\xa5\x80 Supporter, I LOVE THOSE WHO HATES ME, Hate Pseudo Secular, GOT Fan, Retweet, Stay Away \xe0\xa4\xa8\xe0\xa4\xb0\xe0\xa5\x87\xe0\xa4\x82\xe0\xa4\xa6\xe0\xa5\x8d\xe0\xa4\xb0 \xe0\xa4\xae\xe0\xa5\x8b\xe0\xa4\xa6\xe0\xa5\x80  Hater's (\xe0\xa4\x9c\xe0\xa4\xaf \xe0\xa4\xb9\xe0\xa4\xbf\xe0\xa4\xa8\xe0\xa5\x8d\xe0\xa4\xa6,\xe0\xa4\x9c\xe0\xa4\xaf \xe0\xa4\xad\xe0\xa4\xbe\xe0\xa4\xb0\xe0\xa4\xa4)""",b'Bharat (Jambudvipa )'
2020-09-30 17:29:25,"b""RT @MeghUpdates: China is fuming on #coronavirus being called as 'Chene Plague' by US President  #DonaldTrump in Presidental Debate""",Twitter for Android,1311357494195703814,b'Rajesh G Acharya (\xe0\xa4\xb6\xe0\xa5\x8d\xe0\xa4\xb0\xe0\xa5\x80 \xe0\xa4\xb0\xe0\xa4\xbe\xe0\xa4\xae \xe0\xa4\xad\xe0\xa4\x95\xe0\xa5\x8d\xe0\xa4\xa4)\xf0\x9f\x9a\xa9',"b""Proud \xe0\xa4\xb9\xe0\xa4\xbf\xe0\xa4\x82\xe0\xa4\xa6\xe0\xa5\x82 | \xe0\xa4\xad\xe0\xa4\xbe\xe0\xa4\xb0\xe0\xa4\xa4\xe0\xa5\x80\xe0\xa4\xaf-\xe0\xb2\x95\xe0\xb2\xa8\xe0\xb3\x8d\xe0\xb2\xa8\xe0\xb2\xa1\xe0\xb2\xbf\xe0\xb2\x97 |Vishwakarma-Brahmin | #SANGHI | Executive Manager at NSA |\nRT's Not Endorsement |""",b'\xe0\xa4\xb8\xe0\xa5\x8d\xe0\xa4\xb5\xe0\xa4\xa6\xe0\xa5\x87\xe0\xa4\xb6\xe0\xa5\x8b \xe0\xa4\xad\xe0\xa5\x81\xe0\xa4\xb5\xe0\xa4\xa8\xe0\xa4\xa4\xe0\xa5\x8d\xe0\xa4\xb0\xe0\xa4\xaf\xe0\xa4\xae\xe0\xa5\x8d\xe0\xa4\x82\xe0\xa5\xa4'
2020-09-30 17:29:25,"b'RT @derekjames150: Who are the ""Proud Boys""? Are they #DonaldTrump\'s equivalent of the Hitler Youth!'",Twitter for iPhone,1311357493738647552,b'Auntie Cassie',b'',b'England and Ireland '
2020-09-30 17:29:23,"b'RT @derekjames150: #DonaldTrump will never condemn white supremacists. He is and always has been a white supremacist. And remember this, hi\xe2\x80\xa6'",Twitter Web App,1311357489208799232,b'Simon Couzens #FBPE',b'Bassoon player',"b'London, England'"
2020-09-30 17:29:12,"b""RT @MeghUpdates: China is fuming on #coronavirus being called as 'Chene Plague' by US President  #DonaldTrump in Presidental Debate""",Twitter for Android,1311357441095868417,b'Mohit Roy',b'Modi Bhakt',b''
2020-09-30 17:29:10,"b""RT @MeghUpdates: China is fuming on #coronavirus being called as 'Chene Plague' by US President  #DonaldTrump in Presidental Debate""",Twitter for Android,1311357432635912192,b'\xe0\xa4\x95\xe0\xa4\xb2\xe0\xa5\x8d\xe0\xa4\xaa\xe0\xa4\xbf\xe0\xa4\xa4 \xe0\xa4\xaa\xe0\xa4\x9f\xe0\xa5\x87\xe0\xa4\xb2 \xe0\xa4\xad\xe0\xa4\xbe\xe0\xa4\xb0\xe0\xa4\xa4\xe0\xa5\x80\xe0\xa4\xaf \xe0\xa4\xb8\xe0\xa4\xa8\xe0\xa4\xbe\xe0\xa4\xa4\xe0\xa4\xa8\xe0\xa5\x80 \xe0\xa4\xb9\xe0\xa4\xbf\xe0\xa4\xa8\xe0\xa5\x8d\xe0\xa4\xa6\xe0\xa5\x82',"b'Radha Krishna ........&kangi \n\xe0\xa4\x95\xe0\xa5\x89\xe0\xa4\x82\xe0\xa4\x97\xe0\xa4\xbf\xe0\xa4\xaf\xe0\xa5\x8b\xe0\xa4\x82 \xe0\xa4\x95\xe0\xa4\xbe \xe0\xa4\x95\xe0\xa4\xbe\xe0\xa4\xb2, \xe0\xa4\xb5\xe0\xa4\xbe\xe0\xa4\xae\xe0\xa4\xaa\xe0\xa4\x82\xe0\xa4\xa5\xe0\xa5\x80\xe0\xa4\xaf\xe0\xa5\x8b\xe0\xa4\x82 \xe0\xa4\x95\xe0\xa5\x87 \xe0\xa4\xb2\xe0\xa4\xbf\xe0\xa4\x8f \xe0\xa4\xaf\xe0\xa4\xae\xe0\xa4\xb0\xe0\xa4\xbe\xe0\xa4\x9c, \xe0\xa4\xa8\xe0\xa4\x95\xe0\xa5\x8d\xe0\xa4\xb8\xe0\xa4\xb2\xe0\xa4\xbf\xe0\xa4\xaf\xe0\xa5\x8b\xe0\xa4\x82 \xe0\xa4\x95\xe0\xa4\xbe \xe0\xa4\xac\xe0\xa5\x81\xe0\xa4\xb0\xe0\xa4\xbe \xe0\xa4\xb8\xe0\xa4\xaa\xe0\xa4\xa8\xe0\xa4\xbe!!! \xe0\xa4\x95\xe0\xa4\xb9\xe0\xa5\x80\xe0\xa4\x82 \xe0\xa4\x95\xe0\xa4\xb9\xe0\xa5\x80\xe0\xa4\x82 \xe0\xa4\x85\xe0\xa4\xaa\xe0\xa4\xb6\xe0\xa4\xac\xe0\xa5\x8d\xe0\xa4\xa6\xe0\xa5\x8b\xe0\xa4\x82 \xe0\xa4\x95\xe0\xa5\x87 \xe0\xa4\xb2\xe0\xa4\xbf\xe0\xa4\x8f \xe0\xa4\x96\xe0\xa5\x87\xe0\xa4\xa6 \xe0\xa4\xb9\xe0\xa5\x88\xe0\xa5\xa4\xf0\x9f\x99\x8f\xf0\x9f\x99\x8f'","b'Anklav, India'"
2020-09-30 17:29:08,"b""And that's why he's our president! \xf0\x9f\x87\xba\xf0\x9f\x87\xb8\xf0\x9f\xa6\x85 #DonaldTrump #MAGA #MAGA2020 #KAG #KAG2020 #VoteRedToSaveAmerica\xe2\x80\xa6 https://t.co/Ltj0rfkZnI""",Twitter for Android,1311357423559626755,b'\xe2\x9c\xae\xe2\x9c\xae \xf0\x9d\x95\xaf\xf0\x9d\x96\x8a\xf0\x9d\x96\x87\xf0\x9d\x96\x87\xf0\x9d\x96\x8e\xf0\x9d\x96\x8a \xf0\x9d\x95\xaf\xf0\x9d\x96\x94\xf0\x9d\x96\x9c\xf0\x9d\x96\x93\xf0\x9d\x96\x8a\xf0\x9d\x96\x97 \xe2\x9c\xae\xe2\x9c\xae',"b""\xf0\x9f\x85\xb0\xf0\x9f\x85\xbd\xf0\x9f\x85\xb8\xf0\x9f\x85\xbc\xf0\x9f\x85\xb0\xf0\x9f\x85\xbb\xf0\x9f\x86\x82 \xf0\x9f\x85\xb0\xf0\x9f\x86\x81\xf0\x9f\x85\xb4 \xf0\x9f\x85\xbc\xf0\x9f\x86\x88 \xf0\x9f\x85\xb5\xf0\x9f\x86\x81\xf0\x9f\x85\xb8\xf0\x9f\x85\xb4\xf0\x9f\x85\xbd\xf0\x9f\x85\xb3\xf0\x9f\x86\x82 & \xf0\x9f\x85\xb8 \xf0\x9f\x85\xb3\xf0\x9f\x85\xbe\xf0\x9f\x85\xbd'\xf0\x9f\x86\x83 \xf0\x9f\x85\xb4\xf0\x9f\x85\xb0\xf0\x9f\x86\x83 \xf0\x9f\x85\xbc\xf0\x9f\x86\x88 \xf0\x9f\x85\xb5\xf0\x9f\x86\x81\xf0\x9f\x85\xb8\xf0\x9f\x85\xb4\xf0\x9f\x85\xbd\xf0\x9f\x85\xb3\xf0\x9f\x86\x82\n#AdoptDontShop \xf0\x9f\x90\xb6\xf0\x9f\x90\xb1\n#Trump2020 \xf0\x9f\x87\xba\xf0\x9f\x87\xb8 #MAGA2020 \xf0\x9f\xa6\x85 #KAG #votered""","b'Pennsylvania, USA'"
2020-09-30 17:29:06,b'RT @VanJones68: Only three things happened tonight:\n\n1. #DonaldTrump refused to condemn white supremacy.\n2. The #POTUS refused to condemn w\xe2\x80\xa6',Twitter for iPhone,1311357415267368960,b'Paula',b'Author. Writer. Reader. Encouraging children with love & praise to follow their Hearts & Feel their Self Worth. Love all animals!',b''
2020-09-30 17:29:05,"b""RT @MeghUpdates: China is fuming on #coronavirus being called as 'Chene Plague' by US President  #DonaldTrump in Presidental Debate""",Twitter for Android,1311357410989096960,b'Harshit Singh \xf0\x9f\x87\xae\xf0\x9f\x87\xb3\xf0\x9f\x87\xae\xf0\x9f\x87\xb3\xf0\x9f\x87\xae\xf0\x9f\x87\xb3',"b'\xe0\xa4\xb5\xe0\xa4\xb0\xe0\xa4\xa6\xe0\xa4\xbe\xe0\xa4\xa8, \xe0\xa4\x96\xe0\xa5\x81\xe0\xa4\xb6\xe0\xa5\x80, \xe0\xa4\x86\xe0\xa4\xb6\xe0\xa5\x80\xe0\xa4\xb0\xe0\xa5\x8d\xe0\xa4\xb5\xe0\xa4\xbe\xe0\xa4\xa6 \xe0\xa4\xa4\xe0\xa5\x80\xe0\xa4\xa8\xe0\xa5\x8b \xe0\xa4\x8f\xe0\xa4\x95 \xe0\xa4\xb8\xe0\xa4\xbe\xe0\xa4\xa5 \xe0\xa4\xae\xe0\xa4\xbf\xe0\xa4\xb2 \xe0\xa4\xb8\xe0\xa4\x95\xe0\xa4\xa4\xe0\xa4\xbe \xe0\xa4\xb9\xe0\xa5\x88.  \xe0\xa4\x9c\xe0\xa4\xac \xe0\xa4\x95\xe0\xa5\x8b\xe0\xa4\x88 \xe0\xa4\xac\xe0\xa5\x81\xe0\xa4\x9c\xe0\xa5\x81\xe0\xa4\xb0\xe0\xa5\x8d\xe0\xa4\x97 \xe0\xa4\xa8\xe0\xa4\xbf\xe0\xa4\x83\xe0\xa4\xb6\xe0\xa4\xac\xe0\xa5\x8d\xe0\xa4\xa6 \xe0\xa4\xa4\xe0\xa5\x81\xe0\xa4\xae\xe0\xa5\x8d\xe0\xa4\xb9\xe0\xa4\xbe\xe0\xa4\xb0\xe0\xa5\x87 \xe0\xa4\x9d\xe0\xa5\x81\xe0\xa4\x95\xe0\xa5\x87 \xe0\xa4\xb9\xe0\xa5\x81\xe0\xa4\x8f \xe0\xa4\xb8\xe0\xa4\xbf\xe0\xa4\xb0 \xe0\xa4\xaa\xe0\xa4\xb0 \xe0\xa4\x85\xe0\xa4\xaa\xe0\xa4\xa8\xe0\xa5\x80 \xe0\xa4\x95\xe0\xa4\xbe\xe0\xa4\x82\xe0\xa4\xaa\xe0\xa4\xa4\xe0\xa5\x80 \xe0\xa4\x89\xe0\xa4\x81\xe0\xa4\x97\xe0\xa4\xb2\xe0\xa4\xbf\xe0\xa4\xaf\xe0\xa4\xbe\xe0\xa4\x81 \xe0\xa4\xab\xe0\xa5\x87\xe0\xa4\xb0 \xe0\xa4\xac\xe0\xa4\xb8 \xe0\xa4\xa6\xe0\xa5\x87 \xe0\xa5\xa4\xe0\xa5\xa4\xf0\x9f\x99\x8f\xf0\x9f\x99\x8f\xf0\x9f\x99\x8f'",b'\xe0\xa4\xb9\xe0\xa4\xbf\xe0\xa4\xa8\xe0\xa5\x8d\xe0\xa4\xa6\xe0\xa5\x81\xe0\xa4\xb8\xe0\xa5\x8d\xe0\xa4\xa4\xe0\xa4\xbe\xe0\xa4\xa8'
2020-09-30 17:28:55,"b""RT @MeghUpdates: China is fuming on #coronavirus being called as 'Chene Plague' by US President  #DonaldTrump in Presidental Debate""",Twitter for Android,1311357370727981056,b'Rakesh Kotian',b'',b''
2020-09-30 17:28:49,"b""RT @MeghUpdates: China is fuming on #coronavirus being called as 'Chene Plague' by US President  #DonaldTrump in Presidental Debate""",Twitter for Android,1311357345209880576,b'DT40',b'',b''
2020-09-30 17:28:49,"b""RT @MeghUpdates: China is fuming on #coronavirus being called as 'Chene Plague' by US President  #DonaldTrump in Presidental Debate""",Twitter for iPhone,1311357343657914368,b'WorldMania',b'Looking at the efforts of \xf0\x9f\x8c\x8e leaders & with the grace of God We Humans will very soon defeat #CCPVirus & #CCPChina',b''
2020-09-30 17:28:40,b'RT @VanJones68: Only three things happened tonight:\n\n1. #DonaldTrump refused to condemn white supremacy.\n2. The #POTUS refused to condemn w\xe2\x80\xa6',Twitter for iPhone,1311357308102942720,b'Lauren Down South',"b""Vote blue for America's future. \nPatriotism is based on love, nationalism on hate.\nGarry Kasparov""","b'Georgia, USA'"
2020-09-30 17:30:13,"b'RT @RealJamesWoods: #JoeBiden once held high the hand of a Ku Klux Klan leader and extolled his virtue. Call me a liar, Joe. I, too, have a\xe2\x80\xa6'",Twitter for iPhone,1311357698965938177,b'Jim \xf0\x9f\x87\xba\xf0\x9f\x87\xb8\xf0\x9f\x9a\x92\xf0\x9f\xa6\x85\xf0\x9f\x8c\x8f\xe2\x9a\x93\xef\xb8\x8f',b'Flight Medic \xe2\x9c\x88\xef\xb8\x8f\xf0\x9f\x92\x8a\xf0\x9f\x92\x89Firefighter \xf0\x9f\x91\xa9\xe2\x80\x8d\xf0\x9f\x9a\x92\xf0\x9f\x9a\x92\xf0\x9f\x9a\xa8 \xf0\x9f\x93\xa1\xf0\x9f\x93\xbbHam Comms Geek\xf0\x9f\x94\xb8FFL \xf0\x9f\x94\xabDealer\xf0\x9f\x94\xb8Former Marine\xf0\x9f\x94\xb82 Boys \xf0\x9f\x94\xb8Wonder Woman \xf0\x9f\x87\xa8\xf0\x9f\x87\xba Wife',b'Fort Lauderdale Florida USA'
2020-09-30 17:30:13,"b'RT @RealJamesWoods: #JoeBiden once held high the hand of a Ku Klux Klan leader and extolled his virtue. Call me a liar, Joe. I, too, have a\xe2\x80\xa6'",Twitter for iPhone,1311357695971164160,b'gary',b'',b''
2020-09-30 17:30:08,"b'RT @RealJamesWoods: #JoeBiden once held high the hand of a Ku Klux Klan leader and extolled his virtue. Call me a liar, Joe. I, too, have a\xe2\x80\xa6'",Twitter for iPhone,1311357674567729156,b'S KM',b'',"b'Red Earth 29, Saskatchewan'"
2020-09-30 17:30:00,"b'In their first televised debate, Democratic challenger #JoeBiden accused US President #DonaldTrump of concealing th\xe2\x80\xa6 https://t.co/xHdG2USPmX'",TweetDeck,1311357641969418240,b'BOOM Live',"b""IFCN certified fact-driven journalism. India's first independent online resource to fight misinformation, explain issues and keep the internet safe""","b'Mumbai, India'"
2020-09-30 17:29:59,"b'RT @RealJamesWoods: #JoeBiden once held high the hand of a Ku Klux Klan leader and extolled his virtue. Call me a liar, Joe. I, too, have a\xe2\x80\xa6'",Twitter for iPhone,1311357640484716546,b'Nathalie MEIER',b'\xf0\x9f\x87\xab\xf0\x9f\x87\xb7\xf0\x9f\x87\xa8\xf0\x9f\x87\xad',b'Tunisie'
2020-09-30 17:29:59,"b'RT @22_Minutes: A true romantic, #JoeBiden captured the hearts of many last night when he said those three little magic words: ""Shut up, ma\xe2\x80\xa6'",Twitter for iPad,1311357637376737280,b'EJ Phillipson\xf0\x9f\x87\xa8\xf0\x9f\x87\xa6',"b""St. Andrew's Presbyterian Church Ottawa archivist; Classicist; lover of stained glass; former investment banker.... and former Montrealer (NDG).""","b'Ottawa, Ontario'"
2020-09-30 17:29:58,"b""RT @BlackIrishI: Antifa/BLM \nWhy won't Biden disavow this terrorist group? \nWhy won't he disavow his own party (since he is the Democrat Pa\xe2\x80\xa6""",Twitter for Android,1311357632284745730,b'10talentss',"b'Force retired do to China virus. Son of God, lover of America,  conservative constitutionalist and believer in Trump. MAGA!'",b'california'
2020-09-30 17:29:57,"b'RT @RealJamesWoods: #JoeBiden once held high the hand of a Ku Klux Klan leader and extolled his virtue. Call me a liar, Joe. I, too, have a\xe2\x80\xa6'",Twitter for Android,1311357629118193664,b'Jim Kruger',"b'#Trump,#Trump2020, #TrumpTrain,#MAGA , #MASA , #BuildTheWall , #AmericaFirst , #ProLife\nFB #GenFlynn \n married 28 years \xf0\x9f\x9a\xab Dates!\xf0\x9f\x9a\xab DM! NO BOT!!!'",b''
2020-09-30 17:29:56,b'RT @vicksiern: @dbongino @versedude07 #Trump2020 \n#JoeBiden \n\nWho do you TRUST to help and protect you and your family?',Twitter for iPhone,1311357625812963329,b'Boiseoutspoken',"b""\xf0\x9f\x87\xba\xf0\x9f\x87\xb8Freedom's just another word for nothin' left to lose Nothin', it ain't nothin' honey, if it ain't free.. \xf0\x9f\x95\x8a""","b'Idaho, USA'"
2020-09-30 17:29:56,"b'RT @RealJamesWoods: #JoeBiden once held high the hand of a Ku Klux Klan leader and extolled his virtue. Call me a liar, Joe. I, too, have a\xe2\x80\xa6'",Twitter for iPad,1311357623812468736,b'kathy',"b'self employed, conservative, Michigan fan.'","b'Columbus, Ohio'"
2020-09-30 17:29:54,"b'RT @RealJamesWoods: #JoeBiden once held high the hand of a Ku Klux Klan leader and extolled his virtue. Call me a liar, Joe. I, too, have a\xe2\x80\xa6'",Twitter for iPhone,1311357619466956800,b'Deplorable Russ\xf0\x9f\x87\xba\xf0\x9f\x87\xb8',"b'Anti-globalist, capitalist, MAGA, Clexit, Brexit, and individual freedom. UC Davis alumnus. UC Berkeley dad. Rose-Hulman dad. Engineer.'","b'Northern California, USA'"
2020-09-30 17:29:53,b'RT @vicksiern: @RudyGiuliani @RBobca #Trump2020 \n#JoeBiden \n\nWho lied?',Twitter for iPhone,1311357611300679680,b'Burtman49',b'Retired US Army currently happily employed',b''
2020-09-30 17:29:51,"b'RT @RealJamesWoods: #JoeBiden once held high the hand of a Ku Klux Klan leader and extolled his virtue. Call me a liar, Joe. I, too, have a\xe2\x80\xa6'",Twitter for iPhone,1311357606674468865,b'Freedom Lover',b'',b'United States'
2020-09-30 17:29:51,"b'RT @RealJamesWoods: #JoeBiden once held high the hand of a Ku Klux Klan leader and extolled his virtue. Call me a liar, Joe. I, too, have a\xe2\x80\xa6'",Twitter for Android,1311357603814006787,b'\xf0\x9f\x8d\x82\xc5\x9f\xe1\xb6\xa4\xf0\x9d\x96\x8a\xf0\x9d\x96\x97\xf0\x9d\x96\x97\xf0\x9d\x90\x9a \xf0\x9d\x96\x9c\xd1\x92\xe1\xb6\xa4\xc5\x9f\xf0\x9d\x96\x90\xf0\x9d\x96\x8a\xf0\x9d\x96\x8a\xe2\x84\xa2 \xf0\x9f\x87\xba\xf0\x9f\x87\xb8\xf0\x9f\x95\x87\xf0\x9d\x96\x90n\xf0\x9d\x96\x8a\xf0\x9d\x96\x8al to J\xf0\x9d\x96\x8a\xc5\x9fu\xc5\x9f',"b""\xf0\x9f\x91\x83\xf0\x9f\x8f\xbc'sy people are what make the world go round | \xe2\x99\xa5@Hoosiers1986\xe2\x99\xa5\n| \xe2\x9c\x9d\xf0\x9f\x99\x8f\xf0\x9f\x99\x8f\xe2\x9c\x9d | #Conservative | #RN""",b'United States'
2020-09-30 17:29:51,"b'RT @RealJamesWoods: #JoeBiden once held high the hand of a Ku Klux Klan leader and extolled his virtue. Call me a liar, Joe. I, too, have a\xe2\x80\xa6'",Twitter Web App,1311357603075649541,b'John Doe \xf0\x9f\x92\xa5\xf0\x9f\x92\xa5\xf0\x9f\x92\xa5 American 4 TRUMP 2020 KAG \xf0\x9f\x91\x8d MAGA',b'USN Veteran & conservative Republican. #MAGA\xf0\x9f\x91\x8d #Trump2020\xf0\x9f\xa4\xa9\xe2\x9c\xa8 I FB all Patriots\xf0\x9f\x9a\xabDating\xf0\x9f\x9a\xabSoliciting\xe2\x9c\xa8\xe2\x9c\x9d\xe2\x9c\x9d\xe2\x9c\x9d\xe2\x9c\xa8Here to support POTUS45\xf0\x9f\x92\xaf #2A https://t.co/9KbyEQ2fMg NOT a BOT!!',b''
2020-09-30 17:29:48,"b'RT @RealJamesWoods: #JoeBiden once held high the hand of a Ku Klux Klan leader and extolled his virtue. Call me a liar, Joe. I, too, have a\xe2\x80\xa6'",Twitter for Android,1311357593718145025,b'Michael',"b""I am a member of The Church of Jesus Christ of Latter-Day Saints. I'm starting to draw more. My Parler is the same handle.\n\nlooking to write some more.""","b""Wouldn't you like to know"""
2020-09-30 17:29:47,b'@SydneyMarie_13K I will never recover from that but I hope it convinces America how important it is to turn out our vote for #JoeBiden',Twitter for iPhone,1311357588488040448,b'Jonathan Loggans',"b""I'm me and I like the natural world around me. This has become my rage against tRump release value. All opinions are mine or those that I find interesting.""","b'Abingdon, VA'"
2020-09-30 17:29:47,b'RT @LadyRedWave: RECAP of #Debates2020 \n\n#JoeBiden refused to \n\n1 Answer IF he would pack the Supreme Court\n\n2 Call on any #Democrat leader\xe2\x80\xa6',Twitter for iPhone,1311357587917602816,b'fran ginter',"b'Oath Keeper,PGR,massapequa tea party, long island ny,patriot,mom of 3, been to DC 26times,support allen west,michele bachmann,sarah palin. love mark levin, sean'",b''
2020-09-30 17:29:47,"b'RT @RealJamesWoods: #JoeBiden once held high the hand of a Ku Klux Klan leader and extolled his virtue. Call me a liar, Joe. I, too, have a\xe2\x80\xa6'",Twitter Web App,1311357587326218241,b'Nathaniel Scott \xf0\x9f\x87\xac\xf0\x9f\x87\xa7',"b'Pro-BREXIT. Anti-EU. No time for political correctness, wokeness, Islam or anyone who claims there are more than 2 genders. Trans-women are men. Man U supporter'",b'North East England'
2020-09-30 17:29:47,"b'RT @RealJamesWoods: #JoeBiden once held high the hand of a Ku Klux Klan leader and extolled his virtue. Call me a liar, Joe. I, too, have a\xe2\x80\xa6'",Twitter for iPhone,1311357586428420101,b'Teddy',b'',b''
